{
  "threshold": 0.14,
  "IoU": 0.7738697494633998,
  "F1": 0.872521502435562,
  "Precision": 0.8597462301127529,
  "Recall": 0.8856821659726052,
  "Accuracy": 0.9674319459822799,
  "TP": 2259524,
  "FP": 368605,
  "FN": 291644,
  "TN": 17353130
}