{
  "threshold": -0.08000000000000002,
  "IoU": 0.7359893751622416,
  "F1": 0.8479192162031035,
  "Precision": 0.78779982722847,
  "Recall": 0.9179724737845564,
  "Accuracy": 0.958561632737058,
  "TP": 2341902,
  "FP": 630810,
  "FN": 209266,
  "TN": 17090925
}