{
  "threshold": 0.8,
  "IoU": 0.8488708428957479,
  "F1": 0.9182586724838226,
  "Precision": 0.9302289103081025,
  "Recall": 0.906592588179218,
  "Accuracy": 0.9796885034175915,
  "TP": 2312870,
  "FP": 173475,
  "FN": 238298,
  "TN": 17548260
}